id,name,department,birthday,admission
7,Junette Buffy,2,920186014000,1602406000000
10,Bartram Benini,2,833232465000,1656143832000
8,Raddie Rowbotham,2,944247788000,1650671820000
2,Teddy Pardoe,2,865037596000,1603688292000
4,Gabbie McEnery,2,1016020627000,1602081277000
11,Emory Ingry,2,918101771000,1603489561000
6,Abby Jirek,2,912086323000,1655291003000
9,Corella Sagg,2,883965934000,1556387131000
3,Elisabeth Amis,2,946674016000,1625847438000
5,Weidar Boyland,2,939105691000,1640235413000
1,Smitty Louis,2,860913091000,1594430602000
